temperature,var,rho,p
0.6,lifestyle(Spearman),-0.014952178427198658,0.39899270150523813
0.6,sed_ratio(Pearson),0.002867330357558838,0.8715173043001124
0.6,sed_ratio(Spearman),-0.010334457361568555,0.5599414774162694
0.75,lifestyle(Spearman),0.019990781641787178,0.2736948669012732
0.75,sed_ratio(Pearson),0.024512200566284593,0.17952121838934762
0.75,sed_ratio(Spearman),0.01809274386060155,0.3218572524285363
0.9,lifestyle(Spearman),0.016311723278010892,0.3717945414556021
0.9,sed_ratio(Pearson),0.02337446417191356,0.20057558081438984
0.9,sed_ratio(Spearman),0.020118020357555385,0.2706523035024211
